{
    "Points": {
        "internal": {
            "Min": 1734.0,
            "Max": 2124.0,
            "Mean": 1888.34375,
            "Std": 80.14814773865642
        },
        "porous": {
            "Min": 130.0,
            "Max": 396.0,
            "Mean": 245.65624999999997,
            "Std": 65.20541710065841
        },
        "fluid": {
            "Min": 1584.0,
            "Max": 1728.0,
            "Mean": 1642.6875000000002,
            "Std": 26.461966614054514
        },
        "inlet": {
            "Min": 30.0,
            "Max": 30.0,
            "Mean": 30.0,
            "Std": 0.0
        },
        "interface": {
            "Min": 70.0,
            "Max": 186.0,
            "Mean": 114.01041666666667,
            "Std": 25.713361795502134
        },
        "outlet": {
            "Min": 30.0,
            "Max": 30.0,
            "Mean": 30.0,
            "Std": 0.0
        },
        "walls": {
            "Min": 100.0,
            "Max": 100.0,
            "Mean": 100.0,
            "Std": 0.0
        }
    },
    "Stats": {
        "C": {
            "Min": [
                -0.4,
                -0.3
            ],
            "Max": [
                0.6,
                0.3
            ],
            "Mean": [
                0.07692746292120599,
                8.340350894964133e-05
            ],
            "Std": [
                0.2680272295611743,
                0.16548764237985888
            ]
        },
        "U": {
            "Min": [
                -0.0439318,
                -0.191312
            ],
            "Max": [
                0.501878,
                0.204546
            ],
            "Mean": [
                0.17544657977047556,
                -1.4139702812748224e-06
            ],
            "Std": [
                0.11693201916107007,
                0.03291978124286794
            ]
        },
        "p": {
            "Min": [
                -0.0351472
            ],
            "Max": [
                0.122656
            ],
            "Mean": [
                0.010855629635012902
            ],
            "Std": [
                0.02708639378952801
            ]
        },
        "cellToRegion": {
            "Min": [
                0.0
            ],
            "Max": [
                1.0
            ],
            "Mean": [
                0.11360592718198845
            ],
            "Std": [
                0.31733203508487484
            ]
        }
    },
    "Timing": {
        "Total": 112753.45601699997,
        "Average": 1174.51516684375
    }
}