{
    "Points": {
        "internal": {
            "Min": 1746.0,
            "Max": 2139.0,
            "Mean": 1905.9308411214965,
            "Std": 87.90252078851188
        },
        "porous": {
            "Min": 131.0,
            "Max": 419.0,
            "Mean": 257.0168224299066,
            "Std": 72.51666709609233
        },
        "fluid": {
            "Min": 1581.0,
            "Max": 1726.0,
            "Mean": 1648.9140186915881,
            "Std": 28.425079253699323
        },
        "inlet": {
            "Min": 30.0,
            "Max": 30.0,
            "Mean": 30.0,
            "Std": 0.0
        },
        "interface": {
            "Min": 68.0,
            "Max": 181.0,
            "Mean": 116.14205607476633,
            "Std": 25.696692530119694
        },
        "outlet": {
            "Min": 30.0,
            "Max": 30.0,
            "Mean": 30.0,
            "Std": 0.0
        },
        "walls": {
            "Min": 100.0,
            "Max": 100.0,
            "Mean": 100.0,
            "Std": 0.0
        }
    },
    "Stats": {
        "C": {
            "Min": [
                -0.4,
                -0.3
            ],
            "Max": [
                0.6,
                0.3
            ],
            "Mean": [
                0.09225348889347935,
                0.001440647692668969
            ],
            "Std": [
                0.2650192687813076,
                0.16695328517566063
            ]
        },
        "U": {
            "Min": [
                -0.0367928,
                -0.220907
            ],
            "Max": [
                0.488821,
                0.217295
            ],
            "Mean": [
                0.1261354252518065,
                -0.000400744644304189
            ],
            "Std": [
                0.08654404655683204,
                0.025374261124870564
            ]
        },
        "p": {
            "Min": [
                -0.0369087
            ],
            "Max": [
                0.125835
            ],
            "Mean": [
                0.007276366630852481
            ],
            "Std": [
                0.016294255149276706
            ]
        },
        "cellToRegion": {
            "Min": [
                0.0
            ],
            "Max": [
                1.0
            ],
            "Mean": [
                0.11778562611732564
            ],
            "Std": [
                0.3223541102537268
            ]
        },
        "d": {
            "Min": [
                0.0,
                0.0
            ],
            "Max": [
                12000.0,
                20000.0
            ],
            "Mean": [
                970.0147934442965,
                1207.7926416534513
            ],
            "Std": [
                2803.183328240655,
                3866.3799022715007
            ]
        },
        "f": {
            "Min": [
                0.0,
                0.0
            ],
            "Max": [
                30.8,
                30.8
            ],
            "Mean": [
                2.730966100141424,
                2.730966100141424
            ],
            "Std": [
                7.700206609966126,
                7.700206609966126
            ]
        }
    },
    "Timing": {
        "Total": 1112021.5607800002,
        "Average": 2078.544973420561
    }
}